Vendor_ID,Vendor_Name,Category,Sub_Category,Location,Country,Vendor_Size,Years_in_Business,Unit_Cost,Annual_Contract_Value,Payment_Terms_Days,Minimum_Order_Quantity,Price_Volatility_Percentage,Quality_Score,Defect_Rate,Return_Rate,Quality_Complaints,Lead_Time_Days,On_Time_Delivery_Percentage,Average_Delay_Days,Delivery_Failure_Rate,Annual_Capacity,Capacity_Utilization_Percentage,Scalability_Score,Financial_Risk_Score,Supply_Risk_Score,Geopolitical_Risk_Score,Business_Continuity_Score,Sustainability_Score,Carbon_Footprint_Score,ESG_Compliance_Score,Vendor_Response_Score,Service_Score,Contract_Compliance_Score
V001,Supplier 001,Electronics,Sensors,India Hub,India,Large,17,107.28,5146806.51,15,327,8.2,66.39,3.78,2.37,10,18.2,83.6,1.46,2.46,67227,59.76,77.63,89.78,78.58,87.89,83.28,86.59,11.29,89.26,83.29,85.3,90.58
V002,Supplier 002,Packaging,Corrugated,Vietnam Hub,Vietnam,Large,14,23.0,922522.14,90,656,6.56,75.49,5.94,3.73,8,23.2,86.54,1.51,1.94,53889,60.11,69.73,89.43,80.83,73.34,79.6,84.31,12.87,81.11,77.52,93.96,82.81
V003,Supplier 003,Industrial,Machinery,Germany Hub,Germany,Large,17,138.11,6189219.8,45,423,6.4,86.69,4.97,3.19,3,21.6,89.71,1.29,1.22,60009,80.3,71.25,69.24,63.39,85.56,70.82,75.89,16.94,78.32,75.78,82.1,90.88
V004,Supplier 004,Industrial,Machinery,Vietnam Hub,Vietnam,Medium,19,176.1,4956136.56,60,463,3.62,78.61,4.51,2.7,9,10.6,84.14,1.1,2.19,34127,58.03,76.92,72.95,78.3,87.09,76.48,79.0,12.33,79.36,75.23,83.86,88.13
V005,Supplier 005,Electronics,Sensors,Singapore Hub,Singapore,Small,18,166.31,5152153.79,15,317,6.78,83.76,6.3,3.97,11,24.2,91.56,1.88,1.26,50669,55.73,67.63,62.73,70.01,80.36,60.37,66.6,35.0,62.54,76.26,77.1,87.16
V006,Supplier 006,IT Hardware,Servers,UAE Hub,UAE,Large,28,171.57,16740757.9,45,650,3.74,73.71,2.45,1.88,9,15.2,88.24,1.23,1.56,96140,71.56,71.68,77.01,66.66,76.24,75.54,87.63,10.0,81.5,68.5,83.38,97.47
V007,Supplier 007,IT Hardware,Networking,USA Hub,USA,Medium,12,308.96,14579977.13,30,300,3.76,83.76,3.47,2.37,4,24.5,91.83,0.98,1.08,68429,72.2,73.98,68.32,92.24,99.0,93.56,62.76,37.79,65.98,61.55,81.61,82.94
V008,Supplier 008,Packaging,Corrugated,Singapore Hub,Singapore,Small,15,43.24,1369810.04,15,304,6.23,89.33,1.45,1.15,11,20.2,90.31,1.67,1.1,34550,82.03,65.27,85.37,75.01,85.13,74.52,78.38,18.07,79.96,90.85,76.17,84.08
V009,Supplier 009,Packaging,Corrugated,Germany Hub,Germany,Medium,11,30.92,1572503.03,15,322,5.39,74.99,4.85,3.16,9,10.2,82.86,1.62,2.21,75550,54.55,68.11,98.0,97.0,83.8,91.74,64.03,34.37,65.19,75.0,85.77,94.08
V010,Supplier 010,IT Hardware,Servers,India Hub,India,Medium,17,242.81,11847357.36,15,666,7.14,82.0,3.15,1.75,4,20.6,89.57,1.25,1.42,75118,88.88,66.03,74.37,64.21,88.34,75.12,78.86,19.63,79.62,93.24,61.47,86.58
